{
    "ADGNT": [
        0.43326666666666663
    ],
    "ADGNF": [
        0.4040333333333333
    ],
    "GCN": [
        0.3627
    ],
    "GAT": [
        0.45599999999999996
    ],
    "GGNN": [
        0.35873333333333335
    ]
}