{
    "ADGNT": [
        0.6201666666666665,
        0.6456333333333334,
        0.6756333333333333,
        0.642
    ],
    "ADGNF": [
        0.6162333333333333,
        0.6474666666666666,
        0.6635333333333333,
        0.6595
    ],
    "GCN": [
        0.5725333333333334,
        0.65,
        0.5675333333333333,
        0.5365
    ],
    "GAT": [
        0.6910333333333334,
        0.6808666666666666,
        0.6777000000000001,
        0.6900000000000001
    ],
    "GGNN": [
        0.5536,
        0.6408,
        0.5372,
        0.44183333333333336
    ]
}