{
    "ADGNT": [
        0.6568666666666666,
        0.6126,
        0.6870666666666666,
        0.6814333333333332
    ],
    "ADGNF": [
        0.6226666666666666,
        0.6554666666666666,
        0.6704666666666667,
        0.6614666666666666
    ],
    "GCN": [
        0.6112333333333334,
        0.6053333333333333,
        0.5668,
        0.4678999999999999
    ]
}